{
  "total_flows": 3000,
  "total_funding": 10514657261,
  "flows_with_text": 3000,
  "topics": {
    "gbv": {
      "label": "Gender-Based Violence",
      "high_confidence_matches": 50,
      "any_match": 62,
      "pct_high": 1.6666666666666667,
      "pct_any": 2.0666666666666664,
      "funding_pct": 0.7778436041216389,
      "gap_score": 31.333333333333332
    },
    "mental_health": {
      "label": "Mental Health & Psychosocial Support",
      "high_confidence_matches": 75,
      "any_match": 96,
      "pct_high": 2.5,
      "pct_any": 3.2,
      "funding_pct": 0.9276832765799841,
      "gap_score": 22.5
    },
    "education_in_emergencies": {
      "label": "Education in Emergencies",
      "high_confidence_matches": 21,
      "any_match": 216,
      "pct_high": 0.7000000000000001,
      "pct_any": 7.199999999999999,
      "funding_pct": 1.6242334082866499,
      "gap_score": 19.3
    },
    "disability": {
      "label": "Persons with Disabilities",
      "high_confidence_matches": 11,
      "any_match": 68,
      "pct_high": 0.36666666666666664,
      "pct_any": 2.2666666666666666,
      "funding_pct": 0.09990598589421772,
      "gap_score": 14.633333333333333
    },
    "elderly": {
      "label": "Older Persons / Aging Populations",
      "high_confidence_matches": 5,
      "any_match": 5,
      "pct_high": 0.16666666666666669,
      "pct_any": 0.16666666666666669,
      "funding_pct": 0.03868943988396922,
      "gap_score": 11.833333333333334
    }
  }
}